url,name,address,city,state,phone
http://www.paivafinancial.com/,Paiva Financial Services,"îƒˆ1181 Rockdale Ave, New Bedford, MA 02740",New Bedford,MA,î‚°(508) 993-1062
https://www.machadosilva.com/,Machado & Silva Inc,"îƒˆ950 Kempton St, New Bedford, MA 02740",New Bedford,MA,î‚°(508) 993-8447
http://www.leatham-cpa.com/,"Douglas R. Leatham, CPA","îƒˆ492 Pleasant St, New Bedford, MA 02740",New Bedford,MA,î‚°(508) 996-5282
http://www.dianelopes.com/,Diane Lopes Tax & Accounting Service,"îƒˆ43 Nash Rd, New Bedford, MA 02746",New Bedford,MA,î‚°(508) 992-0272
https://www.sansiveri.com/,"Sansiveri, Kimball & Co., LLP - New Bedford","îƒˆ128 Union St #105, New Bedford, MA 02740",New Bedford,MA,î‚°(401) 331-0500
http://www.taxlink1040.com/,Accounting Portfolios,"îƒˆ1811 Acushnet Ave, New Bedford, MA 02746",New Bedford,MA,î‚°(508) 998-8500
http://www.kimsaunderscpa.com/,"Kimberly M Saunders CPA, MST","îƒˆ190 William St, New Bedford, MA 02740",New Bedford,MA,î‚°(508) 659-5400
https://teamtaxlady.com/,Tax Lady,"îƒˆ2051 Acushnet Ave, New Bedford, MA 02745",New Bedford,MA,î‚°(508) 676-5846
https://www.claconnect.com/locations/massachusetts/offices/cla-new-bedford,CLA (CliftonLarsonAllen),"îƒˆ700 Pleasant St 4th Floor, New Bedford, MA 02740",New Bedford,MA,î‚°(508) 441-3300
http://jm.tax/,Jardim & Marotta LLC,"îƒˆ128 Union St #201, New Bedford, MA 02740",New Bedford,MA,î‚°(508) 997-5556
https://splinternetmarketing.com/local-pros/massachusetts/new-bedford/nunes-mary-l-cpa/,Nunes Mary L CPA,"îƒˆ330 Union St, New Bedford, MA 02740",New Bedford,MA,î‚°(508) 990-0008
https://jardindawson.com/,Jardin & Dawson Inc,"îƒˆ24 Centre St, New Bedford, MA 02740",New Bedford,MA,î‚°(508) 992-3334
https://forensicaccountingcorp.com/locations/new-bedford,Forensic Accounting Corp,"îƒˆ302 Bolton St, New Bedford, MA 02740",New Bedford,MA,î‚°(508) 817-9200
https://rodriguesaccounting.com/,D.E. Rodrigues & Company,"îƒˆ460 County St, New Bedford, MA 02740",New Bedford,MA,î‚°(508) 992-0858
https://www.burkelambcpa.com/,Burke & Lamb CPA,"îƒˆ300 Union St, New Bedford, MA 02740",New Bedford,MA,î‚°(508) 984-4800
http://santiagotaxes.com/,Santiago Professional Services LLC.,"îƒˆ1913 Purchase St, New Bedford, MA 02740",New Bedford,MA,î‚°(774) 330-5954
https://splinternetmarketing.com/local-pros/massachusetts/new-bedford/easy-bookkeeping-services-2/,Easy Bookkeeping Services,"îƒˆ355 Union St #1, New Bedford, MA 02740",New Bedford,MA,î‚°(508) 996-6061
https://www.mmaccountingsvcs.com/,Morgan & Morgan Accounting Services,"îƒˆ114 MacArthur Dr #6, New Bedford, MA 02740",New Bedford,MA,î‚°(774) 202-0118
https://www.adamowski.com/,Adamowski & Adamowski,"îƒˆ536 Hawthorn St, Dartmouth, MA 02747",Dartmouth,MA,î‚°(508) 992-5454
https://www.ebenezertaxservices.com/,EBENEZER TAX AND SERVICES NEW BEDFORD,"îƒˆ116 Tarkiln Hill Rd, New Bedford, MA 02745",New Bedford,MA,î‚°(855) 460-4342
http://sylviahurd.com/,Sylvia & Hurd Tax and Accounting Inc.,"îƒˆ45 Slocum Rd Ste 2C, Dartmouth, MA 02747",Dartmouth,MA,î‚°(508) 996-1754
https://www.folancpa.com/,"John A. Folan, CPA LLC","îƒˆ24 Eric Rd, Dartmouth, MA 02747",Dartmouth,MA,î‚°(508) 971-0018
https://richardtaxservice.com/,Richard Tax Services,"îƒˆ441 Prescott St, New Bedford, MA 02745",New Bedford,MA,î‚°(508) 995-2783
https://www.atax.com/ataxnewbedfordma,"ATAX - New Bedford, MA","îƒˆ1549 Acushnet Ave, New Bedford, MA 02746",New Bedford,MA,î‚°(774) 776-3233
https://southcoastfp.com/,"Southcoast Financial Partners, LLC","îƒˆ461 Faunce Corner Rd Ste 2, Dartmouth, MA 02747",Dartmouth,MA,î‚°(508) 999-6403
https://www.cpasouthcoast.com/,"Megan E. Ercolani, CPA LLC","îƒˆ867 Allen St North, Dartmouth, MA 02747",Dartmouth,MA,î‚°(508) 951-8056
https://www.brookscpafirm.com/?utm_source=google&utm_medium=google_business_profile&utm_campaign=website_click,"Brooks & Associates CPAs, Inc.","îƒˆ175 Middlesex Turnpike STE 3A, Bedford, MA 01730",Bedford,MA,î‚°(781) 650-5024
https://www.mjtabs.com/,"MJ Tax & Business Services, LLC","îƒˆ55 Alden Rd, Fairhaven, MA 02719",Fairhaven,MA,î‚°(508) 993-1140
https://www.hrblock.com/tax-office-near-me/massachusetts/new-bedford/19928/?otppartnerid=9308&campaignid=pw_mcm_9308_9762&utm_medium=local,H&R Block,"îƒˆ1000 Kings Hwy Ste 13, New Bedford, MA 02745",New Bedford,MA,î‚°(508) 998-6483
http://www.csepinnovation.com/,CSEP Innovation Consulting & Management Inc,"îƒˆ711 Pleasant St, Fall River, MA 02723",Fall River,MA,î‚°(508) 536-9495
http://www.seagreentax.com/,Sea Green Bookkeeping and Tax Services Inc,"îƒˆ145 Bridge St, Fairhaven, MA 02719",Fairhaven,MA,î‚°(508) 993-8659
https://kstaxprep.com/,KS Tax Preparation,"îƒˆ106 State Rd, Dartmouth, MA 02747",Dartmouth,MA,î‚°(508) 496-7168
http://www.pachecotax.com/,Accounting Portfolios Inc,"îƒˆ401 Columbia St, Fall River, MA 02721",Fall River,MA,î‚°(508) 676-1040
http://www.rainfordpc.com/,Rainford & Rainford PC,"îƒˆ32 Cornell St, New Bedford, MA 02740",New Bedford,MA,î‚°(774) 628-9166
https://www.ct-associates.net/,CT & Associates,"îƒˆ119 North St, Mattapoisett, MA 02739",Mattapoisett,MA,î‚°(508) 758-4430
http://ulshoeffercpas.com/,"Ulshoeffer CPAs, PLLC","îƒˆ21 County Rd Box 1388, Mattapoisett, MA 02739",Mattapoisett,MA,î‚°(508) 500-4940
http://www.richardstimko.com/,"RichardsTimko, P.C.","îƒˆ151 State Rd, Westport, MA 02790",Westport,MA,î‚°(508) 679-5259
http://www.eptremblay.com/,E P Tremblay & Associates Inc,"îƒˆ35 Bowker Terrace, Somerset, MA 02726",Somerset,MA,î‚°(508) 675-7557
https://www.delanocpa.com/contact-us,Delano CPA,"îƒˆ27 Union St, Fairhaven, MA 02719",Fairhaven,MA,î‚°(508) 207-6080
http://www.fernandescharest.com/,Fernandes & Charest,"îƒˆ1140 State Rd Ste B, Westport, MA 02790",Westport,MA,î‚°(508) 636-6556
http://www.trenaudcpa.com/,Thomas W Renaud CPA PC,"îƒˆ120 Purchase St, Fall River, MA 02720",Fall River,MA,î‚°(508) 675-6300
https://gonsalveswoods.com/,"Gonsalves & Woods - Berkley, MA","îƒˆ113 Padelford St #2, Berkley, MA 02779",Berkley,MA,î‚°(508) 823-7000
http://www.mcmellocpa.com/,MCM - CPAs & Business Advisors,"îƒˆ331 Elsbree St Suite 100, Fall River, MA 02720",Fall River,MA,î‚°(508) 675-4500
http://www.hague-sahady.com/,Hague Sahady & Co,"îƒˆ126 President Ave #201, Fall River, MA 02720",Fall River,MA,î‚°(508) 675-7889
http://www.trenaudcpa.com/about-us,Thomas W Renaud CPA,"îƒˆ1822 N Main St #202, Fall River, MA 02720",Fall River,MA,î‚°(508) 675-6300
https://www.allansmithcpa.com/contact/,"Allan Smith & Company, CPAs PC","îƒˆ76 MA-18, Lakeville, MA 02347",Lakeville,MA,î‚°(774) 206-5553
http://www.luispacheco.com/,Results,"îƒˆ1811 Acushnet Ave, New Bedford, MA 02746",New Bedford,MA,î‚°(508) 998-8500
https://office.jacksonhewitt.com/tax-preparation-services-locations/en/ma/new-bedford/1847-b-acushnet-ave/11136?utm_source=google&utm_medium=local&utm_campaign=local&utm_content=11136,Results,"îƒˆ1847-B Acushnet Ave, New Bedford, MA 02746",New Bedford,MA,î‚°(508) 992-1060
http://www.ridingtax.com/,Results,"îƒˆ950 Kempton St, New Bedford, MA 02740",New Bedford,MA,î‚°(508) 984-3439
http://www.jmrcpas.com/,Results,"îƒˆ128 Union St #210, New Bedford, MA 02740",New Bedford,MA,î‚°(508) 997-5556
http://www.kibbns.com/,Results,"îƒˆ213 Orchard St, New Bedford, MA 02740",New Bedford,MA,î‚°(508) 951-6600
http://albertcordeiro.com/services.html,Results,"îƒˆ380 County St #2, New Bedford, MA 02740",New Bedford,MA,î‚°(508) 992-0858
http://chriskehoelaw.com/,Results,"îƒˆ50 Homer's Wharf, New Bedford, MA 02740",New Bedford,MA,î‚°(508) 207-7937
https://bennerlaw.com/,Results,"îƒˆ32 Hillman St, New Bedford, MA 02740",New Bedford,MA,î‚°(774) 228-7338
http://www.gloingprofit.com/,Results,,New Bedford,MA,î‚°(508) 817-3372
https://www.hrblock.com/tax-office-near-me/massachusetts/new-bedford/19929/?otppartnerid=9308&campaignid=pw_mcm_9308_9762&utm_medium=local,Results,"îƒˆ154 W Rodney French Blvd, New Bedford, MA 02744",New Bedford,MA,î‚°(508) 994-4605
http://www.acushnet.ma.us/,Results,"îƒˆ122 Main St, Acushnet, MA 02743",Acushnet,MA,î‚°(508) 998-0220
https://www.hrblock.com/tax-office-near-me/massachusetts/new-bedford/20354/?otppartnerid=9308&campaignid=pw_mcm_9308_9762&utm_medium=local,Results,"îƒˆ1590 Acushnet Ave 1st Flr, New Bedford, MA 02745",New Bedford,MA,î‚°(508) 993-3938
http://www.rstaxpros.com/,Results,"îƒˆ862 Ashley Blvd #6, New Bedford, MA 02745",New Bedford,MA,î‚°(844) 829-7765
https://www.myfamilyestateplanning.com/,Results,"îƒˆ35 Arnold St, New Bedford, MA 02740",New Bedford,MA,î‚°(508) 994-5200
http://pandplawpc.com/,Results,"îƒˆ324 Union St, New Bedford, MA 02740",New Bedford,MA,î‚°(508) 985-9535
https://lxblaw.com/,Results,"îƒˆ115 Orchard St, New Bedford, MA 02740",New Bedford,MA,î‚°(508) 992-1270
https://www.hrblock.com/tax-office-near-me/massachusetts/north-dartmouth/19935/?otppartnerid=9308&campaignid=pw_mcm_9308_9762&utm_medium=local,Results,"îƒˆ25 Faunce Corner Rd Ste 23d, North Dartmouth, MA 02747",North Dartmouth,MA,î‚°(508) 991-4800
http://www.bbflawoffices.com/,Results,"îƒˆ333 Union St, New Bedford, MA 02740",New Bedford,MA,î‚°(508) 993-0333
https://onesouthcoast.com/,Results,"îƒˆ25 Elm St suite 101, New Bedford, MA 02740",New Bedford,MA,î‚°(508) 999-5231
http://www.brittanyusa.com/,Results,"îƒˆ1357 E Rodney French Blvd, New Bedford, MA 02744",New Bedford,MA,î‚°(508) 999-3281
https://bearbk.com/,Results,,New Bedford,MA,î‚°(401) 297-8507
http://www.ameritaxpros.com/,Results,"îƒˆ51 Alden Rd, Fairhaven, MA 02719",Fairhaven,MA,î‚°(508) 993-4343
http://www.tacharestcpa.com/,Results,"îƒˆ1610 Grand Army of the Republic Hwy, Swansea, MA 02777",Swansea,MA,î‚°(774) 294-5200
http://www.taylorcocpa.com/,Results,"îƒˆ195 Chestnut St, North Attleborough, MA 02760",North Attleborough,MA,î‚°(508) 695-8300
http://www.kaneandkanecpa.com/,Results,"îƒˆErik Building, 260 N Main St #5, Fall River, MA 02720",Fall River,MA,î‚°(508) 675-7821
https://eltcpa.com/about-us-cpa/,Results,"îƒˆSt Margarets St APT A, Buzzards Bay, MA 02532",Buzzards Bay,MA,î‚°(508) 759-8328
http://www.northgateadvisors.com/,Results,"îƒˆ11 Industrial Dr, Mattapoisett, MA 02739",Mattapoisett,MA,î‚°(508) 758-4566
http://patriciamcmanuscpa.com/,Results,"îƒˆ44 Smith St, Middleborough, MA 02346",Middleborough,MA,î‚°(508) 946-2363
http://gfm.tax/,Results,"îƒˆ128 Union St, New Bedford, MA 02740",New Bedford,MA,î‚°(781) 883-2235
https://office.jacksonhewitt.com/tax-preparation-services-locations/en/ma/new-bedford/963-brock-avenue/16992?utm_source=google&utm_medium=local&utm_campaign=local&utm_content=16992,Results,"îƒˆ963 Brock Ave, New Bedford, MA 02744",New Bedford,MA,î‚°(508) 992-2500
https://www.strategictaxsolutions.org/,Results,,New Bedford,MA,î‚°(774) 322-1118
